{"current":{"color_background":"#ffffff","color_headings":"#000000","color_text":"#000000","color_text_light":"#464646","color_links":"#494d41","color_button_background":"#cfab3e","color_button_text":"#ffffff","color_button_secondary_background":"#35728f","color_button_secondary_text":"#ffffff","color_button_secondary_border":"#35728f","color_header_background":"#ffffff","color_header_text":"#000000","color_input_text":"#4d4d4d","color_input_background":"#ffffff","color_input_border":"#000000","color_product_sale_accent":"#494d41","color_product_review_star":"#000000","color_footer_background":"#ffffff","color_footer_text":"#000000","color_overlay":"#000000","overlay_opacity":50,"type_size_base":16,"type_heading":"amiri_n4","type_heading_size":"1","type_heading_capitalize":false,"type_heading_spacing":0,"type_body":"amiri_n4","type_menu":"amiri_n4","type_menu_capitalize":false,"type_menu_spacing":0,"type_button":"amiri_n4","type_button_capitalize":false,"type_button_spacing":0,"type_section":"amiri_n4","type_section_capitalize":false,"type_section_spacing":0,"reduce_animations":true,"layout_max_width":1200,"product_sales_badge":true,"product_sales_badge_style":"text","product_option_style":"select","sold_out_options":"selectable","select_first_available_variant":true,"show_dynamic_checkout_button":false,"enable_cart_redirection":false,"product_ratings_reviews":false,"product_ratings_star_display":"all","swatches_enable":true,"swatches_product_card_size":32,"swatches_product_page_size":40,"swatches_swatch_trigger":"Couleur","swatches_shape":"circle","swatches_option_style":"color_swatch","swatches_custom_colors":"Bleu : #2e9fd1\nGris: #707174\nDoré: #F0B24C\nBeige: #F0DBBB\nVert: #99BE6E\nJaune: #F1E638\nVert clair: #CBF5A0\nRose: #EC50BD\nMarron: #8B572A\nRose: #EC50BD\nMarron: #8B572A\nRouge: #EE4B45\nBleu Canard: #0070ff\nBleu Ciel: #A2C6EE\nGris Clair: #D6D6D6\nOrange: #F3A749\nCyan: #91DBFF\nBleu canard: #0070ff\nArgent: #ACACAC\nBleu Foncé: #094969\nVoilage Vert: #417505\nVoilage Bleu: #4A90E2\nViolet: #B079DF\nNoir: #000000\ncoffee: #B97132\nBleu Nuit: #214269\nVert Sapin: #4A7913","product_show_vendor":false,"product_grid_emphasize_price":false,"product_grid_show_atc_button":false,"product_grid_show_atc":"always","product_grid_show_second_image":false,"product_grid_image_style":"large","product_grid_image_crop":true,"product_grid_enable_quickshop":false,"social_facebook":"","social_tumblr":"","social_vimeo":"","social_youtube":"","social_linkedin":"","favicon":"shopify:\/\/shop_images\/Rideaux-Deco-2.png","cart_type":"drawer","continue_shopping_url":"shopify:\/\/collections\/all","continue_url_cart":true,"continue_url_404":true,"checkout_logo_image":"shopify:\/\/shop_images\/Rideaux-Deco-2.png","checkout_logo_position":"center","checkout_logo_size":"large","checkout_input_background_color_mode":"white","checkout_heading_font":"Lora","checkout_body_font":"Abel","checkout_accent_color":"#000000","checkout_button_color":"#344d59","checkout_error_color":"#e20000","enable_checkout_lock_icon":true,"product_show_sku":false,"product_social_sharing":false,"product_grid_show_quickshop":"always","quickshop_select_first_available_variant":false,"quickshop_show_dcb":true,"quickshop_product_cart_redirect":false,"product_enable_recently_viewed_products":true,"product_slideshow_style":"natural","gallery_thumbnail_position":"below","enable_image_zoom":false,"image_zoom_level":"min","product_grid_quick_shop":true,"product_grid_quick_buy":true,"social_google":"","show_dcb":false,"product_grid_quick_look":true,"font_body":"Google_Lato_400,400i,700,700i","font_heading":"\"League Spartan\", sans-serif","quickshop_ratings":true,"quickshop_redirect_to_cart":false,"quickshop_sales_badge":true,"quickshop_sales_badge_style":"percentile_save","quickshop_ratings_reviews":true,"quickshop_enable_social_sharing":true,"product_cart_redirect":false,"show_breadcrumbs":true,"quickshop_show_vendor":true,"sections":{"static-header":{"type":"static-header","blocks":{"0a055a98-4a3b-4d37-9139-e765492fcc0d":{"type":"meganav_images","settings":{"meganav_trigger":"Rideaux","text_1":"","link_1":"shopify:\/\/collections\/rideau-occultant","position_1":"first","size_1":"small","text_2":"","link_2":"","position_2":"first","size_2":"small"}},"07239e58-e32f-4243-9254-24858853fbda":{"type":"meganav_images","settings":{"meganav_trigger":"Tringle à Rideaux","text_1":"","link_1":"","position_1":"last","size_1":"small","text_2":"","link_2":"","position_2":"first","size_2":"small"}},"12dd5476-318a-43f1-885b-f49d38f16d01":{"type":"meganav_images","settings":{"meganav_trigger":"Accessoires","text_1":"","link_1":"","position_1":"last","size_1":"small","text_2":"","link_2":"","position_2":"first","size_2":"small"}},"fef6498b-5734-4792-8f30-81ad1d5dafe6":{"type":"meganav_sidenav","disabled":true,"settings":{"meganav_trigger":"Rideaux Occultants","submenu_layout":"text_columns","image_aspect_ratio":"natural","image_crop":true}},"bec0d412-733e-4cdf-9e86-65e310087333":{"type":"multi_column_menu","disabled":true,"settings":{"menu_trigger":"Par Couleur"}}},"block_order":["0a055a98-4a3b-4d37-9139-e765492fcc0d","07239e58-e32f-4243-9254-24858853fbda","12dd5476-318a-43f1-885b-f49d38f16d01","fef6498b-5734-4792-8f30-81ad1d5dafe6","bec0d412-733e-4cdf-9e86-65e310087333"],"settings":{"sticky_header":true,"full_width_header":true,"logo_height":76,"logo_width":192,"filter_search_by":"disabled","enable_live_search":true,"show_mobile_search_bar":false,"enable_live_search_images":true,"enable_live_search_articles_pages":false,"quick_links":"main-menu","menu":"main-menu","secondary_menu":"main-menu","small_promo_heading":"","small_promo_text":"","small_promo_text_mobile":"","small_promo_link":"","small_promo_icon":"icon-delivery","cart_icon":"icon-cart"}},"static-footer":{"type":"static-footer","blocks":{"2f56691f-4a1f-4924-9d04-9d43f537083d":{"type":"menu","settings":{"menu":""}},"b805af4b-dd44-4c58-bf23-424e78092d22":{"type":"menu","settings":{"menu":"footer"}},"0ad6b6b1-5483-4fd2-93e1-b634aaae1720":{"type":"menu","settings":{"menu":""}}},"block_order":["2f56691f-4a1f-4924-9d04-9d43f537083d","b805af4b-dd44-4c58-bf23-424e78092d22","0ad6b6b1-5483-4fd2-93e1-b634aaae1720"],"settings":{"payment_icons":true,"show_locale_selector":false,"show_currency_selector":false,"additional_menu":""}},"static-collection":{"type":"static-collection","blocks":{"1498186879532":{"type":"filter","settings":{}}},"block_order":["1498186879532"],"settings":{"show_collection_image":true,"products_per_page_range":24,"products_per_row":"4","sort_by":true,"show_by":true,"grid_list":true,"default_view":"list-view"}},"static-announcement":{"type":"static-announcement","settings":{"show_announcement":true,"homepage_announcement":false,"announcement_text":"Livraison Offerte sans conditions d'achat !","announcement_text_mobile":"Livraison Offerte sans conditions d'achat !","announcement_link":"","announcement_color":"#ffffff","announcement_background":"#344d59"}},"static-utility-bar":{"type":"static-utility-bar","settings":{"enable":false,"use_full_width":false,"background_color":"#1b175d","link_color":"#ffffff","link_hover_color":"#ffffff","border_color":"#ffffff","menu":"","show_menu_mobile":true,"mobile_layout":"below","show_locale_selector":true,"show_currency_selector":true,"show_social_icons":true}}},"content_for_index":[]},"presets":{"Supply":{"color_background":"#ffffff","color_headings":"#1d1d1d","color_text":"#1d1d1d","color_text_light":"#949494","color_links":"#046e82","color_button_background":"#f04f36","color_button_text":"#ffffff","color_button_secondary_background":"#ffffff","color_button_secondary_text":"#f04f36","color_button_secondary_border":"#dddddd","color_header_background":"#ffffff","color_header_text":"#1d1d1d","color_input_text":"#4d4d4d","color_input_background":"#ffffff","color_input_border":"#dddddd","color_product_sale_accent":"#f04f36","color_product_review_star":"#ffab41","color_footer_background":"#f5f3ed","color_footer_text":"#1d1d1d","color_overlay":"#000000","overlay_opacity":50,"type_size_base":16,"type_heading":"montserrat_n8","type_heading_size":"1","type_heading_capitalize":false,"type_heading_spacing":0,"type_body":"nunito_sans_n4","type_menu":"nunito_sans_n7","type_menu_capitalize":false,"type_menu_spacing":0,"type_button":"nunito_sans_n7","type_button_capitalize":false,"type_button_spacing":0,"type_section":"montserrat_n8","type_section_capitalize":false,"type_section_spacing":0,"layout_max_width":1400,"product_show_vendor":true,"product_show_sku":false,"product_option_style":"select","product_sales_badge":true,"product_sales_badge_style":"percent","product_social_sharing":false,"product_ratings_reviews":true,"product_ratings_star_display":"all","product_grid_show_second_image":true,"product_grid_emphasize_price":true,"product_grid_image_style":"natural","product_grid_show_quickshop":"always","product_grid_show_atc":"always","quickshop_select_first_available_variant":false,"quickshop_show_dcb":true,"quickshop_product_cart_redirect":false,"swatches_enable":true,"swatches_swatch_trigger":"Color","swatches_shape":"square","swatches_product_card_size":32,"swatches_product_page_size":64,"swatches_option_style":"color_swatch","swatches_custom_colors":"","social_tumblr":"","social_vimeo":"","social_youtube":"","social_linkedin":"","enable_checkout_lock_icon":false,"continue_shopping_url":"shopify:\/\/collections\/all","continue_url_cart":true,"continue_url_404":true,"product_enable_recently_viewed_products":true,"product_slideshow_style":"natural","gallery_thumbnail_position":"below","enable_image_zoom":false,"image_zoom_level":"min","product_grid_quick_shop":true,"product_grid_quick_buy":true,"social_google":"","show_dcb":false,"product_grid_quick_look":true,"font_body":"Google_Lato_400,400i,700,700i","font_heading":"\"League Spartan\", sans-serif","quickshop_ratings":true,"quickshop_redirect_to_cart":false,"quickshop_sales_badge":true,"quickshop_sales_badge_style":"percentile_save","quickshop_ratings_reviews":true,"quickshop_enable_social_sharing":true,"product_cart_redirect":false,"show_breadcrumbs":true,"quickshop_show_vendor":true,"sections":{"static-header":{"type":"static-header","blocks":{"1517255946962":{"type":"meganav_images","settings":{"position_1":"last","size_1":"medium","position_2":"last","size_2":"medium"}},"ff9e6854-1318-4c95-a027-c4108d1e961d":{"type":"meganav_images","settings":{"position_1":"last","size_1":"medium","position_2":"first","size_2":"small"}}},"block_order":["1517255946962","ff9e6854-1318-4c95-a027-c4108d1e961d"],"settings":{"sticky_header":true,"full_width_header":true,"logo_height":40,"logo_width":150,"filter_search_by":"product_type","enable_live_search":true,"show_mobile_search_bar":false,"enable_live_search_images":true,"enable_live_search_articles_pages":true,"quick_links":""}},"static-footer":{"type":"static-footer","blocks":{"1493171899575":{"type":"social_accounts","settings":{}},"static-footer-0":{"type":"menu","settings":{}},"1498182586280":{"type":"menu","settings":{}},"1498182572847":{"type":"menu","settings":{}},"static-footer-1":{"type":"newsletter","settings":{}}},"block_order":["1493171899575","static-footer-0","1498182586280","1498182572847","static-footer-1"],"settings":{"payment_icons":true,"show_locale_selector":true,"show_currency_selector":true}},"static-collection":{"type":"static-collection","blocks":{"1498186879532":{"type":"filter","settings":{}}},"block_order":["1498186879532"],"settings":{"show_collection_image":true,"products_per_page_range":24,"products_per_row":"4","sort_by":true,"show_by":true,"grid_list":true,"default_view":"list-view"}},"static-announcement":{"type":"static-announcement","settings":{"show_announcement":true,"homepage_announcement":false,"announcement_color":"#000000","announcement_background":"#f5f3ed"}}}},"Graphic":{"color_background":"#ffffff","color_headings":"#000000","color_text":"#000000","color_text_light":"#464646","color_links":"#494d41","color_button_background":"#000000","color_button_text":"#ffffff","color_button_secondary_background":"#ffffff","color_button_secondary_text":"#000000","color_button_secondary_border":"#000000","color_header_background":"#ffffff","color_header_text":"#000000","color_input_text":"#4d4d4d","color_input_background":"#ffffff","color_input_border":"#000000","color_product_sale_accent":"#494d41","color_product_review_star":"#000000","color_footer_background":"#ffffff","color_footer_text":"#000000","color_overlay":"#000000","overlay_opacity":50,"type_size_base":16,"type_heading":"goudy_old_style_n4","type_heading_size":"1.2","type_heading_capitalize":false,"type_heading_spacing":0,"type_body":"source_sans_pro_n4","type_menu":"source_sans_pro_n6","type_menu_capitalize":false,"type_menu_spacing":0,"type_button":"source_sans_pro_n4","type_button_capitalize":false,"type_button_spacing":0,"type_section":"goudy_old_style_n4","type_section_capitalize":false,"type_section_spacing":0,"layout_max_width":1400,"product_show_vendor":true,"product_show_sku":false,"product_option_style":"select","product_sales_badge":true,"product_sales_badge_style":"text","product_social_sharing":false,"product_ratings_reviews":false,"product_ratings_star_display":"prod-page","product_grid_show_second_image":true,"product_grid_emphasize_price":false,"product_grid_image_style":"natural","product_grid_show_quickshop":"always","product_grid_show_atc":"always","quickshop_select_first_available_variant":false,"quickshop_show_dcb":true,"quickshop_product_cart_redirect":false,"swatches_enable":true,"swatches_swatch_trigger":"Color","swatches_shape":"square","swatches_product_card_size":32,"swatches_product_page_size":64,"swatches_option_style":"color_swatch","swatches_custom_colors":"","enable_checkout_lock_icon":false,"continue_shopping_url":"shopify:\/\/collections\/all","continue_url_cart":true,"continue_url_404":true,"product_enable_recently_viewed_products":true,"product_slideshow_style":"natural","gallery_thumbnail_position":"below","enable_image_zoom":false,"image_zoom_level":"min","product_grid_quick_shop":true,"product_grid_quick_buy":true,"social_google":"","show_dcb":false,"product_grid_quick_look":true,"font_body":"Google_Lato_400,400i,700,700i","font_heading":"\"League Spartan\", sans-serif","quickshop_ratings":true,"quickshop_redirect_to_cart":false,"quickshop_sales_badge":true,"quickshop_sales_badge_style":"percentile_save","quickshop_ratings_reviews":true,"quickshop_enable_social_sharing":true,"product_cart_redirect":false,"show_breadcrumbs":true,"quickshop_show_vendor":true,"sections":{"static-header":{"type":"static-header","blocks":{"1517255946962":{"type":"meganav_images","settings":{"position_1":"first","size_1":"small","position_2":"first","size_2":"small"}},"1572476394007":{"type":"multi_column_menu","settings":{}}},"block_order":["1517255946962","1572476394007"],"settings":{"sticky_header":false,"full_width_header":false,"logo_height":43,"logo_width":150,"filter_search_by":"disabled","enable_live_search":true,"show_mobile_search_bar":true,"enable_live_search_images":true,"enable_live_search_articles_pages":true,"small_promo_icon":"none"}},"static-blog":{"type":"static-blog","settings":{"show_rss_link":false,"show_date":true,"show_author":true,"show_excerpt":true,"posts_per_page_range":9}},"static-footer":{"type":"static-footer","blocks":{"static-footer-0":{"type":"menu","settings":{}},"1498182586280":{"type":"menu","settings":{}},"1498182572847":{"type":"menu","settings":{}},"1493171899575":{"type":"social_accounts","settings":{}}},"block_order":["static-footer-0","1498182586280","1498182572847","1493171899575"],"settings":{"payment_icons":false,"show_locale_selector":true,"show_currency_selector":true,"additional_menu":""}},"static-collection":{"type":"static-collection","blocks":{"1498186879532":{"type":"filter","settings":{}}},"block_order":["1498186879532"],"settings":{"show_collection_image":true,"products_per_page_range":24,"products_per_row":"4","sort_by":true,"show_by":true,"grid_list":true,"default_view":"list-view"}},"static-product":{"type":"static-product","settings":{"gallery_aspect_ratio":"natural","gallery_image_crop":false,"gallery_thumbnail_position":"below","gallery_video_autoplay":true,"gallery_video_looping":true,"gallery_hover_zoom":"disabled","gallery_click_to_zoom":"always"}},"static-announcement":{"type":"static-announcement","settings":{"show_announcement":true,"homepage_announcement":true,"announcement_color":"#ffffff","announcement_background":"#494d41"}},"static-product-recommendations":{"type":"static-product-recommendations","settings":{"show_product_recommendations":true}},"static-product-reviews":{"type":"static-product-reviews","settings":{}},"static-recently-viewed":{"type":"static-recently-viewed","settings":{"enable_recently_viewed_products":true}},"static-article":{"type":"static-article","settings":{"featured_image_width":"full-width","show_date":true,"show_author":true,"use_share_buttons":true}}}},"Industrial":{"color_background":"#ffffff","color_headings":"#000000","color_text":"#000000","color_text_light":"#949494","color_links":"#171f2b","color_button_background":"#1268f1","color_button_text":"#ffffff","color_button_secondary_background":"#ffffff","color_button_secondary_text":"#1268f1","color_button_secondary_border":"#dddddd","color_header_background":"#000000","color_header_text":"#ffffff","color_input_text":"#4d4d4d","color_input_background":"#ffffff","color_input_border":"#dddddd","color_product_sale_accent":"#e32619","color_product_review_star":"#171f2b","color_footer_background":"#f7f7f7","color_footer_text":"#000000","color_overlay":"#000000","overlay_opacity":50,"type_size_base":16,"type_heading":"arimo_n7","type_heading_size":"1","type_heading_capitalize":false,"type_heading_spacing":-1,"type_body":"libre_franklin_n4","type_menu":"libre_franklin_n6","type_menu_capitalize":false,"type_menu_spacing":0,"type_button":"libre_franklin_n7","type_button_capitalize":false,"type_button_spacing":0,"type_section":"arimo_n7","type_section_capitalize":false,"type_section_spacing":-1,"layout_max_width":1400,"product_show_vendor":true,"product_show_sku":false,"product_option_style":"select","product_sales_badge":true,"product_sales_badge_style":"money","product_social_sharing":true,"product_ratings_reviews":true,"product_ratings_star_display":"all","product_grid_show_second_image":true,"product_grid_emphasize_price":false,"product_grid_image_style":"natural","product_grid_show_quickshop":"always","product_grid_show_atc":"always","quickshop_select_first_available_variant":false,"quickshop_show_dcb":true,"quickshop_product_cart_redirect":false,"swatches_enable":true,"swatches_swatch_trigger":"Color","swatches_shape":"circle","swatches_product_card_size":32,"swatches_product_page_size":64,"swatches_option_style":"color_swatch","enable_checkout_lock_icon":false,"continue_shopping_url":"shopify:\/\/collections\/all","continue_url_cart":true,"continue_url_404":true,"product_enable_recently_viewed_products":true,"product_slideshow_style":"natural","gallery_thumbnail_position":"below","enable_image_zoom":false,"image_zoom_level":"min","product_grid_quick_shop":true,"product_grid_quick_buy":true,"social_google":"","show_dcb":false,"product_grid_quick_look":true,"font_body":"Google_Lato_400,400i,700,700i","font_heading":"\"League Spartan\", sans-serif","quickshop_ratings":true,"quickshop_redirect_to_cart":false,"quickshop_sales_badge":true,"quickshop_sales_badge_style":"percentile_save","quickshop_ratings_reviews":true,"quickshop_enable_social_sharing":true,"product_cart_redirect":false,"show_breadcrumbs":true,"quickshop_show_vendor":true,"sections":{"static-header":{"type":"static-header","blocks":{"1517255946962":{"type":"meganav_images","settings":{"position_1":"last","size_1":"large","position_2":"first","size_2":"small"}},"1572476394007":{"type":"multi_column_menu","settings":{}}},"block_order":["1517255946962","1572476394007"],"settings":{"sticky_header":true,"full_width_header":false,"logo_height":40,"logo_width":150,"filter_search_by":"disabled","enable_live_search":true,"show_mobile_search_bar":false,"enable_live_search_images":true,"enable_live_search_articles_pages":true,"quick_links":""}},"static-blog":{"type":"static-blog","settings":{"show_rss_link":true,"show_date":true,"show_author":true,"show_excerpt":true,"featured_post":"","posts_per_page_range":9}},"static-footer":{"type":"static-footer","blocks":{"1493171899575":{"type":"social_accounts","settings":{}},"static-footer-0":{"type":"menu","settings":{}},"1498182586280":{"type":"menu","settings":{}},"1498182572847":{"type":"menu","settings":{}},"static-footer-1":{"type":"newsletter","settings":{}}},"block_order":["1493171899575","static-footer-0","1498182586280","1498182572847","static-footer-1"],"settings":{"payment_icons":false,"show_locale_selector":true,"show_currency_selector":true}},"static-collection":{"type":"static-collection","blocks":{"1498186879532":{"type":"filter","settings":{}}},"block_order":["1498186879532"],"settings":{"show_collection_image":true,"products_per_page_range":24,"products_per_row":"4","sort_by":true,"show_by":true,"grid_list":true,"default_view":"list-view"}},"static-product":{"type":"static-product","settings":{"gallery_aspect_ratio":"natural","gallery_image_crop":false,"gallery_thumbnail_position":"below","gallery_video_autoplay":true,"gallery_video_looping":true,"gallery_hover_zoom":"disabled","gallery_click_to_zoom":"always"}},"static-announcement":{"type":"static-announcement","settings":{"show_announcement":false,"homepage_announcement":false,"announcement_color":"#ffffff","announcement_background":"#123570"}},"static-product-recommendations":{"type":"static-product-recommendations","settings":{"show_product_recommendations":true}},"static-product-reviews":{"type":"static-product-reviews","settings":{}},"static-recently-viewed":{"type":"static-recently-viewed","settings":{"enable_recently_viewed_products":true}},"static-article":{"type":"static-article","settings":{"featured_image_width":"full-width","show_date":true,"show_author":true,"use_share_buttons":true}},"static-list-collections":{"type":"static-list-collections","settings":{"thumbnail_columns_desktop":4,"thumbnail_columns_mobile":3}}}}}}