{"sections":{"main":{"type":"static-collection","blocks":{"6dc1df24-2f68-4726-b898-8c9d3d3f4a78":{"type":"filter","settings":{"filter_option":"tag","filter_groups":"expand_first","show_filter_product_count":true,"filter_style":"tags","filter_limit":"5","grid_categories":"","custom_ordered_categories":"","custom_ordered_tags":"","excluded_tags":"","excluded_groups":""}}},"block_order":["6dc1df24-2f68-4726-b898-8c9d3d3f4a78"],"settings":{"show_collection_image":true,"products_per_page_range":48,"products_per_row":"3","sort_by":true,"show_by":true,"grid_list":true,"default_view":"grid-view","enable_subcollection":false,"show_product_count":false,"thumbnail_image":"product-image","image_crop":"original"}},"static-recently-viewed":{"type":"static-recently-viewed","settings":{"enable_recently_viewed_products":true}}},"order":["main","static-recently-viewed"]}