{"sections":{"main":{"type":"static-collection","blocks":{"f9027561-b4e9-47a1-bf72-89b9cd690085":{"type":"filter","settings":{"filter_option":"faceted","filter_groups":"collapse_all","show_filter_product_count":true,"filter_style":"tags","filter_limit":"5","grid_categories":"Beige","custom_ordered_categories":"","custom_ordered_tags":"","excluded_tags":"Bleu Canard, Cyan, Bleu Nuit, Bleu Foncé, Curtain, Bleu Ciel","excluded_groups":"Plus de filtres"}}},"block_order":["f9027561-b4e9-47a1-bf72-89b9cd690085"],"settings":{"show_collection_image":false,"products_per_page_range":24,"products_per_row":"4","sort_by":true,"show_by":true,"grid_list":true,"default_view":"grid-view","enable_subcollection":true,"show_product_count":false,"thumbnail_image":"product-image","image_crop":"original"}},"static-recently-viewed":{"type":"static-recently-viewed","settings":{"enable_recently_viewed_products":true}}},"order":["main","static-recently-viewed"]}