{"sections":{"1656923231ce03c909":{"type":"dynamic-slideshow","blocks":{"165692323033c355ad-0":{"type":"slide","settings":{"background_image":"shopify:\/\/shop_images\/femme_rideau3.jpg","mobile_background_image":"shopify:\/\/shop_images\/1_14e9268c-c4c4-4587-836b-42ae9d886460.png","title":"Rideaux Occultants & Thermiques à portée de main","text":"-5% avec le code: SHOP5 jusqu'au 15 Oct","color":"#ffffff","link":"","text_alignment":"left","button_one_label":"En profiter","button_one_link":"shopify:\/\/collections\/rideau-occultant","button_one_style":"primary","button_two_label":"","button_two_link":"","button_two_style":"primary","show_overlay":true,"overlay_color":"#000000","overlay_opacity":19}},"99d4b1e3-4556-40a0-9428-cdc357f41139":{"type":"slide","settings":{"background_image":"shopify:\/\/shop_images\/banner_a54ce8d3-aeb6-4df0-a5e8-e2a9c7f0a3da.png","mobile_background_image":"shopify:\/\/shop_images\/MOBILE_BANNE5_8667595c-feec-4254-bb3d-b1b7dd0bff1d.png","title":"Tendances 2022","text":"Passez un Automne en Couleur !","color":"#ffffff","link":"","text_alignment":"center","button_one_label":"Découvrir","button_one_link":"shopify:\/\/collections\/automne-2022","button_one_style":"primary","button_two_label":"","button_two_link":"shopify:\/\/collections\/automne-2022","button_two_style":"primary","show_overlay":true,"overlay_color":"#000000","overlay_opacity":29}}},"block_order":["165692323033c355ad-0","99d4b1e3-4556-40a0-9428-cdc357f41139"],"settings":{"enable_autoplay":false,"autoplay_duration":8,"slideshow_width":"full","slideshow_height":"large","slideshow_height_mobile":"original","slideshow_text_below_image":false}},"165692279080e1818b":{"type":"dynamic-highlights-banner","blocks":{"a841fa03-518c-4585-8e14-37b45ab75591":{"type":"highlight","settings":{"icon":"icon-award-trophy","title":"Tissus Prenium","text":"","link":""}},"16569227902747f6cc-0":{"type":"highlight","settings":{"icon":"icon-tape-measure","title":"Produits sur Mesure","text":"","link":""}},"ca7607c5-09b6-4523-9f83-59fe2dbd5ddc":{"type":"highlight","settings":{"icon":"icon-delivery-cart","title":"Expédition 48h","text":"","link":""}},"01e308d4-a78f-4f76-a0c2-d5ca440f6ae5":{"type":"highlight","settings":{"icon":"icon-chat-alternate","title":"Service Client Réactif","text":"","link":""}}},"block_order":["a841fa03-518c-4585-8e14-37b45ab75591","16569227902747f6cc-0","ca7607c5-09b6-4523-9f83-59fe2dbd5ddc","01e308d4-a78f-4f76-a0c2-d5ca440f6ae5"],"settings":{"section_spacing":false,"section_width":"full-width","icon_layout":"center","color":"#344d59","icon_color":"#cfab3e","background_color":"#ffffff","mobile_layout":"slider"}},"cdf5e5b3-1f53-4e15-803b-393c0dbb6ee2":{"type":"dynamic-html","settings":{"title":"","custom_html":"<h1>Rideaux<\/h1>"}},"1656928918a86575ca":{"type":"dynamic-featured-collection","blocks":{"65258a04-70ed-4137-b0fa-ae092254e307":{"type":"title_card","settings":{"image":"shopify:\/\/shop_images\/rideau_occultant_rose1.png","horizontal_size":"2","vertical_size":"1","text_alignment":"center-left","pre_heading":"","heading":"Rideaux Occultants","text_color":"#ffffff","cta_label":"Découvrir","overlay_color":"#000000","overlay_opacity":30}}},"block_order":["65258a04-70ed-4137-b0fa-ae092254e307"],"settings":{"title":"Rideaux Occultants","layout":"slideshow","collection":"rideau-occultant","product_count":12,"cta_label":"","cta_button_style":"primary"}},"165720895837930baf":{"type":"dynamic-featured-collection","blocks":{"6fbee475-7ac0-4db2-9b28-9b1be3d37315":{"type":"title_card","settings":{"image":"shopify:\/\/shop_images\/voilage_crop3.png","horizontal_size":"1","vertical_size":"1","text_alignment":"center-center","pre_heading":"","heading":"Voilages","text_color":"#ffffff","cta_label":"Découvrir","overlay_color":"#000000","overlay_opacity":30}}},"block_order":["6fbee475-7ac0-4db2-9b28-9b1be3d37315"],"settings":{"title":"Voilages","layout":"slideshow","collection":"voilages","product_count":10,"cta_label":"","cta_button_style":"primary"}},"16572085580632b704":{"type":"dynamic-featured-collection","blocks":{"12137cd2-2d50-48e0-b7c5-8c100901ed07":{"type":"view_all_card","settings":{"image":"shopify:\/\/shop_images\/lin.jpg","text_alignment":"center-center","pre_heading":"Tout voir >","heading":"Rideaux Lin","text_color":"#FFFFFF","overlay_color":"#000000","overlay_opacity":15}}},"block_order":["12137cd2-2d50-48e0-b7c5-8c100901ed07"],"settings":{"title":"Rideaux Lin","layout":"slideshow","collection":"rideaux-lin","product_count":4,"cta_label":"","cta_button_style":"secondary"}},"b586991e-bdfe-4d1f-96e9-c28349b1cd9d":{"type":"dynamic-featured-collection","blocks":{"cb8666a7-a98c-4d92-86f3-9d477303fa64":{"type":"view_all_card","settings":{"image":"shopify:\/\/shop_images\/velours_1.png","text_alignment":"center-center","pre_heading":"Découvir >","heading":"Rideaux Velour","text_color":"#ffffff","overlay_color":"#000000","overlay_opacity":18}}},"block_order":["cb8666a7-a98c-4d92-86f3-9d477303fa64"],"settings":{"title":"Rideaux Velours","layout":"slideshow","collection":"rideau-velours","product_count":4,"cta_label":"","cta_button_style":"primary"}},"1657546862c47adcbd":{"type":"dynamic-promo-mosaic","disabled":true,"blocks":{"165754686203df1041-0":{"type":"promotion","settings":{"image":"shopify:\/\/shop_images\/Boheme_Rideau_Macrame_2.jpg","title":"Rideaux Macramé","text":"","color":"#ffffff","block_link":"shopify:\/\/collections\/rideaux-macrame","button_text":"Découvrir","button_style":"secondary","show_overlay":true,"background":"#000000","opacity":18}},"165754686203df1041-2":{"type":"promotion","settings":{"image":"shopify:\/\/shop_images\/rideaux_thermique.jpg","title":"Rideaux Thermiques","text":"","color":"#ffffff","block_link":"shopify:\/\/collections\/rideaux-thermiques","button_text":"Découvrir","button_style":"secondary","show_overlay":true,"background":"#000000","opacity":20}},"165754686203df1041-1":{"type":"promotion","settings":{"image":"shopify:\/\/shop_images\/velours_1.png","title":"Rideaux Velours","text":"","color":"#ffffff","block_link":"shopify:\/\/collections\/rideau-velours","button_text":"Découvrir","button_style":"secondary","show_overlay":true,"background":"#000000","opacity":16}},"4810675d-02e4-401f-a631-ba0528ef23b3":{"type":"promotion","disabled":true,"settings":{"image":"shopify:\/\/shop_images\/pexels-titus-hunter-3435793_d116073a-224f-4a21-89cf-7288f081d880.jpg","title":"Rideaux Exterieur","text":"Personnalisez votre Pergola et retrouvez votre Intimité","color":"#ffffff","block_link":"shopify:\/\/collections\/rideau-exterieur","button_text":"Découvrir","button_style":"secondary","show_overlay":true,"background":"#000000","opacity":14}}},"block_order":["165754686203df1041-0","165754686203df1041-2","165754686203df1041-1","4810675d-02e4-401f-a631-ba0528ef23b3"],"settings":{"title":"","section_height":"small","text_alignment":"center-center","maintain_aspect_ratio":true,"compress_blocks":false}},"16572860168092ce85":{"type":"dynamic-shoppable-image","blocks":{"1657286016e4f9cbc5-0":{"type":"hotspot","settings":{"product":"embrasse-rideau-aimantee","x_axis":24,"y_axis":44}},"1657286016e4f9cbc5-1":{"type":"hotspot","settings":{"product":"rideau-design-moderne","x_axis":25,"y_axis":62}},"1657286016e4f9cbc5-2":{"type":"hotspot","settings":{"product":"tringle-a-rideau-dore","x_axis":82,"y_axis":94}},"e6391515-8361-4cdf-9d40-0684997651c5":{"type":"hotspot","settings":{"product":"rideau-blanc-voilage","x_axis":70,"y_axis":50}}},"block_order":["1657286016e4f9cbc5-0","1657286016e4f9cbc5-1","1657286016e4f9cbc5-2","e6391515-8361-4cdf-9d40-0684997651c5"],"settings":{"title":"","image":"shopify:\/\/shop_images\/multicrop.png","image_width":"half","link_text":"Découvrir","textbox_title":"Sentez vous Enfin à la Maison","textbox_subheading":"<p>Votre intérieur comme vous l'avez rêvé.<\/p>","textbox_button_label":"","textbox_button_link":"","textbox_button_style":"primary","textbox_text_alignment":"left","textbox_text_position":"right"}},"1657550820cf89a271":{"type":"dynamic-promo-grid","blocks":{"1657550819788cb1e4-0":{"type":"promotion","settings":{"image":"shopify:\/\/shop_images\/tringle2.jpg","background_position":"center-center","title":"Tringles à Rideaux","text":"","color":"#ffffff","block_link":"shopify:\/\/collections\/tringle-a-rideau","button_text":"Découvrir","button_style":"primary","show_overlay":true,"background":"#000000","opacity":17}},"1657550819788cb1e4-1":{"type":"promotion","settings":{"image":"shopify:\/\/shop_images\/4-main-embrasses-a-rideaux-solides-en-alliage-ceintures-accessoires-cordes-tiges-accroche-decoration-pour-la-maison.png","background_position":"center-center","title":"Embrasses Rideaux","text":"","color":"#ffffff","block_link":"shopify:\/\/collections\/embrasse-rideau","button_text":"Découvrir","button_style":"primary","show_overlay":true,"background":"#000000","opacity":24}}},"block_order":["1657550819788cb1e4-0","1657550819788cb1e4-1"],"settings":{"title":"","section_height":"medium","section_columns":2,"text_alignment":"bottom-left"}},"c8ebb71b-dba6-41df-916a-261ba2035024":{"type":"dynamic-image-with-text","disabled":true,"settings":{"section_heading":"Image with text","image":"shopify:\/\/shop_images\/rideau_scandinave2.png","crop":"center","desktop_height":"natural","mobile_height":"natural","desktop_image_alignment":"left","mobile_image_alignment":"top","heading":"Image with text","subheading":"<p>Pair large text with an image to give focus to your chosen product, collection, or blog post. Add details on availability, style, or even provide a review.<\/p>","text_alignment":"left","button_label":"Button","button_link":""}},"1657370808f91a6bc2":{"type":"dynamic-image-with-text","disabled":true,"settings":{"section_heading":"","image":"shopify:\/\/shop_images\/Guide_des_Tailles.png","crop":"center","desktop_height":"natural","mobile_height":"natural","desktop_image_alignment":"right","mobile_image_alignment":"top","heading":"Rideaux sur Mesure","subheading":"<p>Un <strong>Guide complet<\/strong> pour choisir la <strong>taille <\/strong>de vos Rideaux selon <strong>l'attache <\/strong>et le <strong>style <\/strong>souhaité<\/p>","text_alignment":"center","button_label":"Voir le Guide","button_link":"shopify:\/\/pages\/guide-tailles"}},"71b1268e-1d27-473f-8880-8a98f21a95dc":{"type":"pxs-image-with-text-overlay","disabled":true,"settings":{"section_height":"original","image":"shopify:\/\/shop_images\/bedroom_curtain_2.jpg","position":"center center","title":"Image with text overlay","text":"<p>Say a bit about your brand, a specific product, or promotion.<\/p>","content_position":"center-center","color":"#ffffff","overlay_background":"#000000","overlay_opacity":25,"link":"","button_text":"Button"}},"1661160318373b045d":{"type":"dynamic-testimonials","blocks":{"1661160318e990c4ce-0":{"type":"testimonial","settings":{"star_rating":"4.5","text":"<p>J'ai commandé un rideau en 150x300 et il est arrivé à la bonne taille, le tissu est de super qualité.<\/p>","author":"<p>Jean R.<\/p>"}},"1661160318e990c4ce-1":{"type":"testimonial","settings":{"star_rating":"4.5","text":"<p>J'ai commandé une paire de rideaux occultants et ils fonctionnent parfaitement, l'épaisseur permet aussi d'isoler notre appartement<\/p>","author":"<p>Luc B.<\/p>"}},"1661160318e990c4ce-2":{"type":"testimonial","settings":{"star_rating":"4.5","text":"<p>Le voilage blanc sur mesure va parfaitement avec nos fenêtre et ils laisse entrer la lumière tout en cachant du vis a vis.<\/p>","author":"<p>Manon J.<\/p>"}}},"block_order":["1661160318e990c4ce-0","1661160318e990c4ce-1","1661160318e990c4ce-2"],"settings":{"title":"","image_crop":"circle","text_size":"small"}},"1662213125e020211d":{"type":"dynamic-menu-list","disabled":true,"blocks":{"16622131258459b727-0":{"type":"menu","disabled":true,"settings":{"menu":"collections","image":"shopify:\/\/shop_images\/rideau_occultant_rose1.png"}},"16622131258459b727-1":{"type":"menu","settings":{"menu":""}},"16622131258459b727-2":{"type":"menu","settings":{"menu":""}},"16622131258459b727-3":{"type":"menu","disabled":true,"settings":{"menu":""}},"16622131258459b727-4":{"type":"menu","disabled":true,"settings":{"menu":""}},"16622131258459b727-5":{"type":"menu","disabled":true,"settings":{"menu":""}}},"block_order":["16622131258459b727-0","16622131258459b727-1","16622131258459b727-2","16622131258459b727-3","16622131258459b727-4","16622131258459b727-5"],"settings":{"title":"Menu list"}}},"order":["1656923231ce03c909","165692279080e1818b","cdf5e5b3-1f53-4e15-803b-393c0dbb6ee2","1656928918a86575ca","165720895837930baf","16572085580632b704","b586991e-bdfe-4d1f-96e9-c28349b1cd9d","1657546862c47adcbd","16572860168092ce85","1657550820cf89a271","c8ebb71b-dba6-41df-916a-261ba2035024","1657370808f91a6bc2","71b1268e-1d27-473f-8880-8a98f21a95dc","1661160318373b045d","1662213125e020211d"]}