{"sections":{"main":{"type":"static-product","blocks":{"title":{"type":"title","settings":{}},"price":{"type":"price","settings":{}},"form":{"type":"form","settings":{}},"47163fc6-8576-4771-afdb-cb0efd13c13d":{"type":"share","disabled":true,"settings":{}},"586dd320-63da-45ee-bcfc-6e59afecac58":{"type":"page","settings":{"guide_taille_page":"guide-tailles"}},"description":{"type":"description","settings":{}}},"block_order":["title","price","form","47163fc6-8576-4771-afdb-cb0efd13c13d","586dd320-63da-45ee-bcfc-6e59afecac58","description"],"settings":{"gallery_aspect_ratio":"natural","gallery_image_crop":true,"gallery_thumbnail_position":"left","gallery_video_autoplay":true,"gallery_video_looping":true,"gallery_hover_zoom":"disabled","gallery_click_to_zoom":"always","guide_achat_page":"guide-dachat"}},"1658247407a53a51d8":{"type":"dynamic-page","disabled":true,"settings":{"width":"regular","page":"guide-tailles","show_heading":false,"heading_size":"small"}},"reviews":{"type":"static-product-reviews","disabled":true,"settings":{}},"recommendations":{"type":"static-product-recommendations","disabled":true,"settings":{"show_product_recommendations":false,"product_recommendations_heading":"You may also like"}},"165137724054842f49":{"type":"apps","disabled":true,"settings":{"include_padding":true}},"16623895542771c3d9":{"type":"pagefly-section","settings":{"section_id":"pf-2e3df172"}},"recently-viewed":{"type":"static-recently-viewed","settings":{"enable_recently_viewed_products":true}},"sma_reviews_section_auto":{"type":"reviews-importer-product","disabled":true,"settings":{"lai_product":""}}},"order":["main","1658247407a53a51d8","reviews","recommendations","165137724054842f49","16623895542771c3d9","recently-viewed","sma_reviews_section_auto"]}